Experimenter;Experiment;Experimental_room;Test;Method;Group;Sex;Hemisphere;Activation;Note;Distance;Center;Supported;Unsupported;Closed_arms;Open_arms;Head_dips;Protected_stretch;Unprotected_stretch;Distance_Per;Center_Per;Supported_Per;Unsupported_Per;Closed_arms_Per;Open_arms_Per;Head_dips_Per;Protected_stretch_Per;Unprotected_stretch_Per
Mattia;Opto10;Y17L27b Noldus;EPM;Optogenetics;ChR2-;Female;RH;LC;;1419.77;49.2;;;513.04;37.76;13;6;0;76.76880735;54.26071612;;;118.2355924;50.07072136;69.95515695;96;0
Mattia;Opto10;Y17L27b Noldus;EPM;Optogenetics;ChR2-;Female;RH;LC;;1751.08;59.04;;;519.28;21.68;10;10;1;94.68316923;65.11285935;;;119.6736676;28.74823197;53.81165919;160;26.08695652
Mattia;Opto10;Y17L27b Noldus;EPM;Optogenetics;ChR2-;Female;RH;LC;;2386.02;108.24;;;384.08;107.68;20;4;7;129.0151994;119.3735755;;;88.51537173;142.7864215;107.6233184;64;182.6086957
Mattia;Opto10;Y17L27b Noldus;EPM;Optogenetics;ChR2-;Female;RH;LC;;2152.27;111.52;;;390.72;97.76;23;3;8;116.3760334;122.9909565;;;90.04563123;129.6322489;123.7668161;48;208.6956522
Mattia;Opto10;Y17L27b Noldus;EPM;Optogenetics;ChR2-;Female;RH;LC;;1834.82;89.52;;;448.72;61.76;12;4;3;99.21109976;98.7280347;;;103.4123558;81.89533239;64.57399103;64;78.26086957
Mattia;Opto10;Y17L27b Noldus;EPM;Optogenetics;ChR2-;Female;RH;LC;;1903.81;63.84;;;489.2;46.96;14;6;2;102.9414786;70.40658775;;;112.7414077;62.27015559;75.33632287;96;52.17391304
Mattia;Opto10;Y17L27b Noldus;EPM;Optogenetics;ChR2-;Female;RH;LC;;1280.69;107.2;;;397.6;95.2;24;6;0;69.24857117;118.226601;;;91.63120132;126.2376238;129.1479821;96;0
Mattia;Opto10;Y17L27b Noldus;EPM;Optogenetics;ChR2-;Female;RH;LC;;2053.61;146.48;;;376.16;77.36;13;10;6;111.0413591;161.5469451;;;86.69012245;102.5813296;69.95515695;160;156.5217391
Mattia;Opto10;Y17L27b Noldus;EPM;Optogenetics;ChR2-;Female;RH;LC;;1701.96;70.72;;;474.24;55.04;8;7;3;92.02718705;77.99426513;;;109.2937146;72.9844413;43.04932735;112;78.26086957
Mattia;Opto10;Y17L27b Noldus;EPM;Optogenetics;ChR2+;Female;RH;LC;Was originally control group. but wrong virus;1869.3;76.64;;;418.72;104.64;28;4;7;101.0754781;84.52319682;;;96.49853273;138.7553041;150.6726457;64;182.6086957
Mattia;Opto10;Y17L27b Noldus;EPM;Optogenetics;ChR2-;Female;RH;LC;;1810.01;77.36;;;495.84;26.8;14;6;1;97.86959084;85.31725608;;;114.2716672;35.53748232;75.33632287;96;26.08695652
Mattia;Opto10;Y17L27b Noldus;EPM;Optogenetics;ChR2-;Female;RH;LC;;2029.58;128.32;;;299.36;172.32;44;9;8;109.7420258;141.519006;;;68.99073548;228.5007072;236.7713004;144;208.6956522
Mattia;Opto10;Y17L27b Noldus;EPM;Optogenetics;ChR2+;Female;RH;LC;;1410.81;101.6;;;282.72;215.68;23;5;5;76.28432852;112.0505845;;;65.1558683;285.9971711;123.7668161;80;130.4347826
Mattia;Opto10;Y17L27b Noldus;EPM;Optogenetics;ChR2+;Female;RH;LC;;1963.55;42.72;;;509.36;47.92;9;8;5;106.171698;47.11418278;;;117.3874967;63.54314003;48.43049327;128;130.4347826
Mattia;Opto10;Y17L27b Noldus;EPM;Optogenetics;ChR2+;Female;RH;LC;;1459.78;87.76;;;500;12.24;8;9;0;78.9322;96.78700096;;;115.2303839;16.23055163;43.04932735;144;0
Mattia;Opto10;Y17L27b Noldus;EPM;Optogenetics;ChR2+;Female;RH;LC;;1631.14;65.68;;;473.76;60.56;18;3;4;88.1978577;72.43585031;;;109.1830934;80.30410184;96.86098655;48;104.3478261
Mattia;Opto10;Y17L27b Noldus;EPM;Optogenetics;ChR2+;Female;RH;LC;;1562.85;88.96;;;442.32;68.72;11;4;3;84.50532873;98.11043306;;;101.9374069;91.12446959;59.19282511;64;78.26086957
Mattia;Opto10;Y17L27b Noldus;EPM;Optogenetics;ChR2+;Female;RH;LC;;1675.07;77.36;;;510.8;11.84;15;4;1;90.57320983;85.31725608;;;117.7193602;15.70014144;80.71748879;64;26.08695652
Mattia;Opto10;Y17L27b Noldus;EPM;Optogenetics;ChR2+;Female;RH;LC;;1979.25;94.72;;;436.4;68.88;22;5;4;107.0206174;104.4629071;;;100.5730791;91.33663366;118.3856502;80;104.3478261
Mattia;Opto10;Y17L27b Noldus;EPM;Optogenetics;ChR2+;Female;RH;LC;;1948.19;116.24;;;408.56;75.2;22;10;7;105.3411629;128.1964561;;;94.15705133;99.71711457;118.3856502;160;182.6086957
Mattia;Opto10;Y17L27b Noldus;EPM;Optogenetics;ChR2+;Female;RH;LC;;2242.4;126.8;;;387.12;86.08;22;7;5;121.2494796;139.8426586;;;89.21597247;114.1442716;118.3856502;112;130.4347826
Mattia;Opto10;Y17L27b Noldus;EPM;Optogenetics;ChR2+;Female;RH;LC;;2217.69;104.88;;;408.64;86.48;10;0;4;119.9133778;115.6679656;;;94.17548819;114.6746818;53.81165919;0;104.3478261
Mattia;Opto10;Y17L27b Noldus;EPM;Optogenetics;ChR2+;Female;RH;LC;;1909.55;121.92;;;280.24;197.84;30;6;10;103.2518479;134.4607014;;;64.58432559;262.3408769;161.4349776;96;260.8695652
Mattia;Opto10;Y17L27b Noldus;EPM;Optogenetics;ChR2+;Female;RH;LC;;2135.81;94.08;;;350.08;155.84;37;6;6;115.4860199;103.7570767;;;80.67970562;206.6478076;199.103139;96;156.5217391
Mattia;Opto10;Y17L27b Noldus;EPM;Optogenetics;ChR2+;Female;RH;LC;;1677.08;60.08;;;372;167.92;20;6;4;90.68189314;66.25983384;;;85.73140566;222.6661952;107.6233184;96;104.3478261
Mattia;Opto8;Y17L27b Noldus;EPM;Optogenetics;ChR2-;Female;RH;LC;;885.724;112.08;;;356.8;131.12;26;14;11;114.4800032;114.5918534;;;94.47951532;105.2800617;104;184.2105263;161.7647059
Mattia;Opto8;Y17L27b Noldus;EPM;Optogenetics;ChR2-;Female;RH;LC;;791.486;71.84;;;369.44;158.72;33;2;8;102.2997229;73.45002454;;;97.82654747;127.4409044;132;26.31578947;117.6470588
Mattia;Opto8;Y17L27b Noldus;EPM;Optogenetics;ChR2-;Female;RH;LC;;753.042;104.48;;;287.84;207.68;36;4;12;97.33082829;106.8215279;;;76.21912469;166.7523124;144;52.63157895;176.4705882
Mattia;Opto8;Y17L27b Noldus;EPM;Optogenetics;ChR2-;Female;RH;LC;;671.266;116.48;;;428.48;55.04;13;14;2;86.76126403;119.0904629;;;113.4601534;44.19321686;52;184.2105263;29.41176471
Mattia;Opto8;Y17L27b Noldus;EPM;Optogenetics;ChR2-;Female;RH;LC;;766.948;84.16;;;445.68;70.16;17;4;1;99.12818156;86.0461312;;;118.0146592;56.33350462;68;52.63157895;14.70588235
Mattia;Opto8;Y17L27b Noldus;EPM;Optogenetics;ChR2+;Female;RH;LC;;694.548;122.24;;;312.72;165.04;29;14;9;89.77046716;124.9795518;;;82.80727026;132.5154162;116;184.2105263;132.3529412
Mattia;Opto8;Y17L27b Noldus;EPM;Optogenetics;ChR2+;Female;RH;LC;;697.929;82.8;;;316.8;200.4;42;8;10;90.20746208;84.65565189;;;83.8876414;160.9069887;168;105.2631579;147.0588235
Mattia;Opto8;Y17L27b Noldus;EPM;Optogenetics;ChR2+;Female;RH;LC;;911.006;171.28;;;254.32;174.4;21;8;6;117.7477067;175.1185997;;;67.34313435;140.0308325;84;105.2631579;88.23529412
Mattia;Opto8;Y17L27b Noldus;EPM;Optogenetics;ChR2+;Female;RH;LC;;635.17;48.16;;;474.64;77.2;8;6;4;82.09584885;49.23932603;;;125.6831759;61.98612539;32;78.94736842;58.82352941
Mattia;Opto8;Y17L27b Noldus;EPM;Optogenetics;ChR2+;Female;RH;LC;;1009.68;79.92;;;376.32;143.76;26;6;6;130.5013408;81.71110748;;;99.64834979;115.4290853;104;78.94736842;88.23529412
Mattia;Opto8;Y17L27b Noldus;EPM;Optogenetics;ChR2+;Female;RH;LC;;957.071;93.84;;;370;136.16;25;5;6;123.7016171;95.94307214;;;97.97483371;109.3268243;100;65.78947368;88.23529412
Mattia;Opto8;Y17L27b Noldus;EPM;Optogenetics;ChR2+;Female;RH;LC;;681.137;77.04;;;472.48;50.48;10;8;2;88.03709274;78.76656306;;;125.1112147;40.53186023;40;105.2631579;29.41176471
Mattia;Opto3;Y55E52 Noldus_Mansuy;EPM;Optogenetics;ChR2-;Male;RH;LC;;4208.3;173.7;;;379.2;47;5;2;5;93.1890276;91.2289916;;;101.8123238;57.28214503;51.28205128;53.33333333;68.96551724
Mattia;Opto3;Y55E52 Noldus_Mansuy;EPM;Optogenetics;ChR2-;Male;RH;LC;;4830;179.2;;;337.5;83.4;12;2;8;106.9560163;94.11764706;;;90.61619009;101.6453382;123.0769231;53.33333333;110.3448276
Mattia;Opto3;Y55E52 Noldus_Mansuy;EPM;Optogenetics;ChR2-;Male;RH;LC;;4623.4;207.5;;;401.5;139.3;15;3;11;102.3810446;108.9810924;;;107.7997047;169.7745277;153.8461538;80;151.7241379
Mattia;Opto3;Y55E52 Noldus_Mansuy;EPM;Optogenetics;ChR2-;Male;RH;LC;;4401.8;201.2;;;371.6;58.5;7;8;5;97.47391148;105.6722689;;;99.77178145;71.29798903;71.79487179;213.3333333;68.96551724
Mattia;Opto3;Y55E52 Noldus_Mansuy;EPM;Optogenetics;ChR2-;Male;RH;LC;tracking did not work;;;;;;;10;2;3;;;;;;;102.5641026;53.33333333;41.37931034
Mattia;Opto3;Y55E52 Noldus_Mansuy;EPM;Optogenetics;ChR2-;Male;RH;LC;tracking did not work;;;;;;;4;5;6;;;;;;;41.02564103;133.3333333;82.75862069
Mattia;Opto3;Y55E52 Noldus_Mansuy;EPM;Optogenetics;ChR2+;Male;RH;LC;;3966.8;84.9;;;486;29.1;7;6;1;87.84122678;44.59033613;;;130.4873137;35.46617916;71.79487179;160;13.79310345
Mattia;Opto3;Y55E52 Noldus_Mansuy;EPM;Optogenetics;ChR2+;Male;RH;LC;animal;;;;;;;;;;;;;;;;;;
Mattia;Opto3;Y55E52 Noldus_Mansuy;EPM;Optogenetics;ChR2+;Male;RH;LC;;4789.5;189.9;;;379.7;30.3;1;8;3;106.0591801;99.73739496;;;101.94657;36.92870201;10.25641026;213.3333333;41.37931034
Mattia;Opto3;Y55E52 Noldus_Mansuy;EPM;Optogenetics;ChR2+;Male;RH;LC;;4692.5;202;;;337.4;60.3;6;8;5;103.9112021;106.092437;;;90.58934085;73.49177331;61.53846154;213.3333333;68.96551724
Mattia;Opto3;Y55E52 Noldus_Mansuy;EPM;Optogenetics;ChR2+;Male;RH;LC;;5503.2;128.8;;;439.8;31.3;4;4;1;121.8634262;67.64705882;;;118.0829642;38.14747105;41.02564103;106.6666667;13.79310345
Mattia;Opto3;Y55E52 Noldus_Mansuy;EPM;Optogenetics;ChR2+;Male;RH;LC;;4132.4;187.1;;;376.9;36;2;5;3;91.5082902;98.26680672;;;101.1947912;43.87568556;20.51282051;133.3333333;41.37931034
Mattia;Opto6;Y17L27b Noldus;EPM;Optogenetics;ChR2-;Male;RH;LC;;1763.86;80.24;;;437.28;82.48;18;20;7;100.4664886;108.0353296;;;97.14915399;109.0774439;105.8823529;156.25;184.2105263
Mattia;Opto6;Y17L27b Noldus;EPM;Optogenetics;ChR2-;Male;RH;LC;;1997.2;61.84;;;502.08;36.08;10;21;6;113.7571411;83.2615252;;;111.5455709;47.71476936;58.82352941;164.0625;157.8947368
Mattia;Opto6;Y17L27b Noldus;EPM;Optogenetics;ChR2-;Male;RH;LC;;1446.21;51.12;;;529.52;19.36;14;11;2;82.3736807;68.82809134;;;117.6418314;25.60304697;82.35294118;85.9375;52.63157895
Mattia;Opto6;Y17L27b Noldus;EPM;Optogenetics;ChR2-;Male;RH;LC;;1821.91;92.4;;;383.76;123.84;21;6;3;103.7729186;124.4075829;;;85.25878004;163.7748625;123.5294118;46.875;78.94736842
Mattia;Opto6;Y17L27b Noldus;EPM;Optogenetics;ChR2-;Male;RH;LC;;1749.17;85.76;;;397.92;116.32;22;6;1;99.62977097;115.4674709;;;88.40466373;153.8298773;129.4117647;46.875;26.31578947
Mattia;Opto6;Y17L27b Noldus;EPM;Optogenetics;ChR2+;Male;RH;LC;;1324.24;30.16;;;473.12;96.72;10;10;6;75.42647536;40.60749677;;;105.1116167;127.9094372;58.82352941;78.125;157.8947368
Mattia;Opto6;Y17L27b Noldus;EPM;Optogenetics;ChR2+;Male;RH;LC;;1127.38;26.24;;;553.36;20.4;5;8;5;64.21366202;35.32959931;;;122.9382909;26.97841727;29.41176471;62.5;131.5789474
Mattia;Opto6;Y17L27b Noldus;EPM;Optogenetics;ChR2+;Male;RH;LC;;1503.2;56.56;;;486.16;57.28;13;15;3;85.61973492;76.15252047;;;108.0086734;75.75116377;76.47058824;117.1875;78.94736842
Mattia;Opto6;Y17L27b Noldus;EPM;Optogenetics;ChR2+;Male;RH;LC;;1936.5;92.16;;;452.32;55.52;15;13;6;110.2997716;124.0844464;;;100.4905446;73.42361405;88.23529412;101.5625;157.8947368
Mattia;Opto6;Y17L27b Noldus;EPM;Optogenetics;ChR2+;Male;RH;LC;;1892.47;57.28;;;455.12;87.6;15;9;8;107.7918971;77.1219302;;;101.112612;115.8484977;88.23529412;70.3125;210.5263158
Mattia;Opto7;Y17L27b Noldus;EPM;Optogenetics;ChR2-;Male;RH;LC;;732.554;104.8;;;332.72;162.48;26;7;10;113.3654602;102.785406;;;85.06852117;151.9640853;111.1111111;65.42056075;161.2903226
Mattia;Opto7;Y17L27b Noldus;EPM;Optogenetics;ChR2-;Male;RH;LC;;721.699;124.32;;;349.76;125.92;22;14;6;111.6856085;121.9301687;;;89.42524034;117.7702955;94.01709402;130.8411215;96.77419355
Mattia;Opto7;Y17L27b Noldus;EPM;Optogenetics;ChR2-;Male;RH;LC;;543.77;118.08;;;390.64;91.28;25;11;6;84.150433;115.8101216;;;99.87727552;85.37224093;106.8376068;102.8037383;96.77419355
Mattia;Opto7;Y17L27b Noldus;EPM;Optogenetics;ChR2-;Male;RH;LC;;746.784;111.84;;;362.24;125.92;35;11;10;115.5676057;109.6900745;;;92.61607691;117.7702955;149.5726496;102.8037383;161.2903226
Mattia;Opto7;Y17L27b Noldus;EPM;Optogenetics;ChR2-;Male;RH;LC;;636.49;90;;;433.28;76.72;18;10;3;98.49919838;88.26990977;;;110.7793005;71.75458287;76.92307692;93.45794393;48.38709677
Mattia;Opto7;Y17L27b Noldus;EPM;Optogenetics;ChR2-;Male;RH;LC;;679.714;91.36;;;427.2;81.44;23;12;5;105.1882734;89.60376618;;;109.2247903;76.16909839;98.29059829;112.1495327;80.64516129
Mattia;Opto7;Y17L27b Noldus;EPM;Optogenetics;ChR2-;Male;RH;LC;;539.696;65.6;;;437.36;97.04;18;7;6;83.51996633;64.33895645;;;111.8224586;90.75944632;76.92307692;65.42056075;96.77419355
Mattia;Opto7;Y17L27b Noldus;EPM;Optogenetics;ChR2-;Male;RH;LC;;648.493;169.36;;;321.84;108.8;22;15;6;100.3567073;166.1043546;;;82.28676621;101.758324;94.01709402;140.1869159;96.77419355
Mattia;Opto7;Y17L27b Noldus;EPM;Optogenetics;ChR2-;Male;RH;LC;;593.278;56.96;;;440.48;102.56;22;9;5;91.81198041;55.86504512;;;112.6201677;95.92218481;94.01709402;84.11214953;80.64516129
Mattia;Opto7;Y17L27b Noldus;EPM;Optogenetics;ChR2-;Male;RH;LC;;619.402;87.28;;;415.68;97.04;23;11;5;95.85476672;85.60219694;;;106.2794027;90.75944632;98.29059829;102.8037383;80.64516129
Mattia;Opto7;Y17L27b Noldus;EPM;Optogenetics;ChR2+;Male;RH;LC;Pupillometry;;;;;;;;;;;;;;;;;;
Mattia;Opto7;Y17L27b Noldus;EPM;Optogenetics;ChR2+;Male;RH;LC;;596.859;106.24;;;404.32;89.44;26;7;7;92.3661535;104.1977246;;;103.3749233;83.6513281;111.1111111;65.42056075;112.9032258
Mattia;Opto7;Y17L27b Noldus;EPM;Optogenetics;ChR2+;Male;RH;LC;;606.776;118.56;;;410.24;71.2;24;17;4;93.90084619;116.2808945;;;104.8885253;66.59184437;102.5641026;158.8785047;64.51612903
Mattia;Opto7;Y17L27b Noldus;EPM;Optogenetics;ChR2+;Male;RH;LC;;490.421;55.28;;;499.52;45.2;14;11;3;75.89447653;54.21734013;;;127.7152792;42.27459783;59.82905983;102.8037383;48.38709677
Mattia;Opto7;Y17L27b Noldus;EPM;Optogenetics;ChR2+;Male;RH;LC;;664.296;81.76;;;454.88;63.36;17;14;2;102.8022805;80.18830914;;;116.3019022;59.25925926;72.64957265;130.8411215;32.25806452
Mattia;Opto7;Y17L27b Noldus;EPM;Optogenetics;ChR2+;Male;RH;LC;;463.72;51.44;;;475.36;73.2;12;7;5;71.76239732;50.45115732;;;121.5381469;68.4624018;51.28205128;65.42056075;80.64516129
Mattia;Opto7;Y17L27b Noldus;EPM;Optogenetics;ChR2+;Male;RH;LC;;777.255;83.44;;;376.64;139.92;22;11;8;120.2831065;81.83601412;;;96.29781141;130.8641975;94.01709402;102.8037383;129.0322581
Mattia;Opto7;Y17L27b Noldus;EPM;Optogenetics;ChR2+;Male;RH;LC;;645.461;104.56;;;372.32;123.12;41;19;7;99.88749404;102.5500196;;;95.19329106;115.1515152;175.2136752;177.5700935;112.9032258
Mattia;Opto7;Y17L27b Noldus;EPM;Optogenetics;ChR2+;Male;RH;LC;;506.852;74.08;;;480.24;45.68;9;10;4;78.43723498;72.65594351;;;122.7858458;42.72353161;38.46153846;93.45794393;64.51612903
Mattia;Opto7;Y17L27b Noldus;EPM;Optogenetics;ChR2+;Male;RH;LC;;572.167;63.28;;;461.04;75.68;13;7;3;88.54497453;62.06355434;;;117.8768664;70.781893;55.55555556;65.42056075;48.38709677
Mattia;Opto7;Y17L27b Noldus;EPM;Optogenetics;ChR2+;Male;RH;LC;Pupillometry;;;;;;;;;;;;;;;;;;
Mattia;Opto9;Y17L27b Noldus;EPM;Optogenetics;ChR2-;Male;RH;LC-HC;;723.926;124.48;;;321.12;154.4;29;12;11;89.9691911;128.7191507;;;96.23783741;91.02700153;110.1265823;154.8387097;108.1967213
Mattia;Opto9;Y17L27b Noldus;EPM;Optogenetics;ChR2-;Male;RH;LC-HC;;816.301;74;;;341.6;184.4;27;4;22;101.4495137;76.52006066;;;102.3755769;108.7135951;102.5316456;51.61290323;216.3934426
Mattia;Opto9;Y17L27b Noldus;EPM;Optogenetics;ChR2-;Male;RH;LC-HC;;770.262;122.16;;;374.32;103.52;20;12;5;95.72780792;126.3201434;;;112.1815748;61.03053885;75.94936709;154.8387097;49.18032787
Mattia;Opto9;Y17L27b Noldus;EPM;Optogenetics;ChR2-;Male;RH;LC-HC;;841.334;96.08;;;354.48;149.44;31;8;11;104.5606035;99.35199228;;;106.2356396;88.10281806;117.721519;103.2258065;108.1967213
Mattia;Opto9;Y17L27b Noldus;EPM;Optogenetics;ChR2-;Male;RH;LC-HC;;768.6;120.08;;;352.96;126.96;28;10;7;95.52125532;124.1693093;;;105.7801043;74.84966395;106.3291139;129.0322581;68.85245902
Mattia;Opto9;Y17L27b Noldus;EPM;Optogenetics;ChR2-;Male;RH;LC-HC;;748.423;93.52;;;309.6;196.88;20;7;9;93.01366702;96.7048118;;;92.78535893;116.071218;75.94936709;90.32258065;88.52459016
Mattia;Opto9;Y17L27b Noldus;EPM;Optogenetics;ChR2-;Male;RH;LC-HC;;757.34;119.6;;;212.4;268;35;9;17;94.12186769;123.6729629;;;63.65507183;158.0002358;132.9113924;116.1290323;167.2131148
Mattia;Opto9;Y17L27b Noldus;EPM;Optogenetics;ChR2-;Male;RH;LC-HC;;848.49;103.44;;;269.28;227.28;30;3;6;105.4499479;106.9626362;;;80.70168428;133.9936328;113.9240506;38.70967742;59.01639344
Mattia;Opto9;Y17L27b Noldus;EPM;Optogenetics;ChR2-;Male;RH;LC-HC;;831.876;52.88;;;274.8;272.32;43;1;6;103.3851676;54.68082173;;;82.35599688;160.5471053;163.2911392;12.90322581;59.01639344
Mattia;Opto9;Y17L27b Noldus;EPM;Optogenetics;ChR2-;Male;RH;LC-HC;;895.739;89.12;;;364.96;145.92;18;8;13;111.3220319;92.15497036;;;109.376436;86.02759109;68.35443038;103.2258065;127.8688525
Mattia;Opto9;Y17L27b Noldus;EPM;Optogenetics;ChR2-;Male;RH;LC-HC;;844.621;72.96;;;416;111.04;21;13;11;104.9691103;75.4446436;;;124.6728337;65.4639783;79.74683544;167.7419355;108.1967213
Mattia;Opto9;Y17L27b Noldus;EPM;Optogenetics;ChR2-;Male;RH;LC-HC;;808.74;92.16;;;412.56;95.28;14;6;4;100.5098361;95.29849717;;;123.6418853;56.17262115;53.16455696;77.41935484;39.3442623
Mattia;Opto9;Y17L27b Noldus;EPM;Optogenetics;ChR2+;Male;RH;LC-HC;;807.289;106.96;;;315.84;177.2;9;7;13;100.3295065;110.6025093;;;94.65545144;104.4688126;34.17721519;90.32258065;127.8688525
Mattia;Opto9;Y17L27b Noldus;EPM;Optogenetics;ChR2+;Male;RH;LC-HC;;836.998;126;;;299.36;174.64;31;8;11;104.0217274;130.2909141;;;89.71648918;102.9595567;117.721519;103.2258065;108.1967213
Mattia;Opto9;Y17L27b Noldus;EPM;Optogenetics;ChR2+;Male;RH;LC-HC;;794.523;130.96;;;379.12;89.92;3;7;4;98.74295387;135.4198263;;;113.6201075;53.01261644;11.39240506;90.32258065;39.3442623
Mattia;Opto9;Y17L27b Noldus;EPM;Optogenetics;ChR2+;Male;RH;LC-HC;;848.936;122.88;;;325.76;151.36;37;3;11;105.5053765;127.0646629;;;97.62841901;89.23476005;140.5063291;38.70967742;108.1967213
Mattia;Opto9;Y17L27b Noldus;EPM;Optogenetics;ChR2+;Male;RH;LC-HC;;1012.59;56.16;;;267.04;276.8;29;2;11;125.8442206;58.07252172;;;80.03036902;163.1883033;110.1265823;25.80645161;108.1967213
Mattia;Opto9;Y17L27b Noldus;EPM;Optogenetics;ChR2+;Male;RH;LC-HC;;741.658;120.8;;;304.64;174.56;19;7;8;92.17291593;124.9138288;;;91.29887515;102.9123924;72.15189873;90.32258065;78.68852459
Mattia;Opto9;Y17L27b Noldus;EPM;Optogenetics;ChR2+;Male;RH;LC-HC;;617.263;84.4;;;367.84;147.76;22;4;1;76.7131624;87.27423135;;;110.2395557;87.11236882;83.5443038;51.61290323;9.836065574
Mattia;Opto9;Y17L27b Noldus;EPM;Optogenetics;ChR2+;Male;RH;LC-HC;;786.707;38.08;;;393.68;168.24;17;4;14;97.77158497;39.3768096;;;117.9836567;99.1864167;64.55696203;51.61290323;137.704918
Mattia;Opto9;Y17L27b Noldus;EPM;Optogenetics;ChR2+;Male;RH;LC-HC;;730.804;95.12;;;231.84;273.04;42;14;7;90.82398579;98.3592996;;;69.48112925;160.9715835;159.4936709;180.6451613;68.85245902
Mattia;Opto9;Y17L27b Noldus;EPM;Optogenetics;ChR2+;Male;RH;LC-HC;;851.552;46;;;361.44;192.56;17;4;13;105.8304918;47.5665242;;;108.3215121;113.5243485;64.55696203;51.61290323;127.8688525
Mattia;Opto9;Y17L27b Noldus;EPM;Optogenetics;ChR2+;Male;RH;LC-HC;;874.038;74.48;;;295.84;229.68;30;2;9;108.6250416;77.016407;;;88.6615652;135.4085603;113.9240506;25.80645161;88.52459016
Mattia;Opto9;Y17L27b Noldus;EPM;Optogenetics;ChR2+;Male;RH;LC-HC;;603.925;116.64;;;221.68;261.68;17;2;8;75.05552189;120.6121605;;;66.43623504;154.2742601;64.55696203;25.80645161;78.68852459
Mattia;Opto9;Y17L27b Noldus;EPM;Optogenetics;ChR2+;Male;RH;LC-HC;;770.785;89.6;;;332.16;178.24;32;13;11;95.79280612;92.6513167;;;99.54646261;105.0819479;121.5189873;167.7419355;108.1967213
Mattia;Opto10;Y17L27b Noldus;OFT;Optogenetics;ChR2-;Female;RH;LC;;4156.81;68;38;4;;;;;;73.47609023;55.23066927;64.49787836;23.07692308;;;;;
Mattia;Opto10;Y17L27b Noldus;OFT;Optogenetics;ChR2-;Female;RH;LC;;5654.68;54.36;66;23;;;;;;99.95255447;44.15204678;112.0226308;132.6923077;;;;;
Mattia;Opto10;Y17L27b Noldus;OFT;Optogenetics;ChR2-;Female;RH;LC;;4614.74;146.6;38;6;;;;;;81.5704958;119.0708252;64.49787836;34.61538462;;;;;
Mattia;Opto10;Y17L27b Noldus;OFT;Optogenetics;ChR2-;Female;RH;LC;;4936.01;253.24;42;5;;;;;;87.2492888;205.6855101;71.28712871;28.84615385;;;;;
Mattia;Opto10;Y17L27b Noldus;OFT;Optogenetics;ChR2-;Female;RH;LC;;6917.88;178.08;62;30;;;;;;122.2809739;144.6393762;105.2333805;173.0769231;;;;;
Mattia;Opto10;Y17L27b Noldus;OFT;Optogenetics;ChR2-;Female;RH;LC;;5798.99;151.88;51;93;;;;;;102.503389;123.3593242;86.56294201;536.5384615;;;;;
Mattia;Opto10;Y17L27b Noldus;OFT;Optogenetics;ChR2-;Female;RH;LC;;6294.3;116.92;71;15;;;;;;111.2585263;94.96426251;120.5091938;86.53846154;;;;;
Mattia;Opto10;Y17L27b Noldus;OFT;Optogenetics;ChR2+;Female;RH;LC;Was originally control group. but wrong virus;4520.6;73.88;60;8;;;;;;79.90646999;60.00649773;101.8387553;46.15384615;;;;;
Mattia;Opto10;Y17L27b Noldus;OFT;Optogenetics;ChR2-;Female;RH;LC;;5948.55;79.44;53;7;;;;;;105.147023;64.52241715;89.95756719;40.38461538;;;;;
Mattia;Opto10;Y17L27b Noldus;OFT;Optogenetics;ChR2-;Female;RH;LC;;6902.18;53.72;60;4;;;;;;122.0034595;43.63222872;101.8387553;23.07692308;;;;;
Mattia;Opto10;Y17L27b Noldus;OFT;Optogenetics;ChR2-;Female;RH;LC;;5655.84;184;70;8;;;;;;99.97305871;149.4476933;118.8118812;46.15384615;;;;;
Mattia;Opto10;Y17L27b Noldus;OFT;Optogenetics;ChR2-;Female;RH;LC;;6487.79;117.32;96;5;;;;;;114.6786703;95.2891488;162.9420085;28.84615385;;;;;
Mattia;Opto10;Y17L27b Noldus;OFT;Optogenetics;ChR2+;Female;RH;LC;;3761.78;82.8;31;7;;;;;;66.49350986;67.25146199;52.61669024;40.38461538;;;;;
Mattia;Opto10;Y17L27b Noldus;OFT;Optogenetics;ChR2+;Female;RH;LC;;5669.41;193.68;56;22;;;;;;100.2129231;157.3099415;95.04950495;126.9230769;;;;;
Mattia;Opto10;Y17L27b Noldus;OFT;Optogenetics;ChR2+;Female;RH;LC;;4272.15;97.24;41;26;;;;;;75.51484886;78.97985705;69.58981612;150;;;;;
Mattia;Opto10;Y17L27b Noldus;OFT;Optogenetics;ChR2+;Female;RH;LC;;4951.95;203.96;75;56;;;;;;87.53104545;165.6595192;127.2984441;323.0769231;;;;;
Mattia;Opto10;Y17L27b Noldus;OFT;Optogenetics;ChR2+;Female;RH;LC;;6361.2;142.56;82;13;;;;;;112.4410558;115.7894737;139.1796322;75;;;;;
Mattia;Opto10;Y17L27b Noldus;OFT;Optogenetics;ChR2+;Female;RH;LC;;5860.91;95.56;69;10;;;;;;103.5978917;77.61533463;117.1145686;57.69230769;;;;;
Mattia;Opto10;Y17L27b Noldus;OFT;Optogenetics;ChR2+;Female;RH;LC;;6045.2;159.24;63;29;;;;;;106.8554157;129.337232;106.9306931;167.3076923;;;;;
Mattia;Opto10;Y17L27b Noldus;OFT;Optogenetics;ChR2+;Female;RH;LC;;5099.81;88.76;52;2;;;;;;90.14463007;72.09226771;88.2602546;11.53846154;;;;;
Mattia;Opto10;Y17L27b Noldus;OFT;Optogenetics;ChR2+;Female;RH;LC;;3925.73;162.08;39;5;;;;;;69.39150255;131.6439246;66.19519095;28.84615385;;;;;
Mattia;Opto10;Y17L27b Noldus;OFT;Optogenetics;ChR2+;Female;RH;LC;;4722.08;59.2;61;12;;;;;;83.46784582;48.08317089;103.5360679;69.23076923;;;;;
Mattia;Opto10;Y17L27b Noldus;OFT;Optogenetics;ChR2+;Female;RH;LC;;6620.13;78.84;125;20;;;;;;117.0179222;64.03508772;212.1640736;115.3846154;;;;;
Mattia;Opto10;Y17L27b Noldus;OFT;Optogenetics;ChR2+;Female;RH;LC;;6114.3;129;65;0;;;;;;108.0768326;104.7758285;110.3253182;0;;;;;
Mattia;Opto10;Y17L27b Noldus;OFT;Optogenetics;ChR2+;Female;RH;LC;;3450.6;35.48;36;0;;;;;;60.99306847;28.81741391;61.10325318;0;;;;;
Mattia;Opto8;Y17L27b Noldus;OFT;Optogenetics;ChR2-;Female;RH;LC;;4859.4;117.44;78;19;;;;;;99.11491284;65.11421601;123.0283912;56.21301775;;;;;
Mattia;Opto8;Y17L27b Noldus;OFT;Optogenetics;ChR2-;Female;RH;LC;;4314.26;293.48;38;70;;;;;;87.9959468;162.7190064;59.93690852;207.1005917;;;;;
Mattia;Opto8;Y17L27b Noldus;OFT;Optogenetics;ChR2-;Female;RH;LC;;4621.16;77.8;64;4;;;;;;94.2556428;43.13595032;100.9463722;11.83431953;;;;;
Mattia;Opto8;Y17L27b Noldus;OFT;Optogenetics;ChR2-;Female;RH;LC;;6221.17;215.72;87;52;;;;;;126.8902997;119.605234;137.2239748;153.8461538;;;;;
Mattia;Opto8;Y17L27b Noldus;OFT;Optogenetics;ChR2-;Female;RH;LC;;4497.98;197.36;50;24;;;;;;91.74319786;109.4255933;78.86435331;71.00591716;;;;;
Mattia;Opto8;Y17L27b Noldus;OFT;Optogenetics;ChR2+;Female;RH;LC;;6765.05;93.68;86;33;;;;;;137.9835661;51.94056332;135.6466877;97.63313609;;;;;
Mattia;Opto8;Y17L27b Noldus;OFT;Optogenetics;ChR2+;Female;RH;LC;;6286.69;327.04;103;24;;;;;;128.2266805;181.3262364;162.4605678;71.00591716;;;;;
Mattia;Opto8;Y17L27b Noldus;OFT;Optogenetics;ChR2+;Female;RH;LC;;3250.2;194.12;46;1;;;;;;66.29281181;107.6291861;72.55520505;2.958579882;;;;;
Mattia;Opto8;Y17L27b Noldus;OFT;Optogenetics;ChR2+;Female;RH;LC;;5041.79;78.56;49;0;;;;;;102.8350365;43.55732978;77.28706625;0;;;;;
Mattia;Opto8;Y17L27b Noldus;OFT;Optogenetics;ChR2+;Female;RH;LC;;3249.49;110.72;33;19;;;;;;66.27833027;61.38833444;52.05047319;56.21301775;;;;;
Mattia;Opto8;Y17L27b Noldus;OFT;Optogenetics;ChR2+;Female;RH;LC;;7023.09;132.6;104;5;;;;;;143.2466875;73.51962741;164.0378549;14.79289941;;;;;
Mattia;Opto8;Y17L27b Noldus;OFT;Optogenetics;ChR2+;Female;RH;LC;;6052.33;159.48;83;34;;;;;;123.446549;88.42315369;130.9148265;100.591716;;;;;
Mattia;Opto3;Y55E52 Noldus_Mansuy;OFT;Optogenetics;ChR2-;Male;RH;LC;;13980;120;92;19;;;;;;123.9746375;102.7104137;106.1538462;134.1176471;;;;;
Mattia;Opto3;Y55E52 Noldus_Mansuy;OFT;Optogenetics;ChR2-;Male;RH;LC;;10510;78;80;21;;;;;;93.20267814;66.7617689;92.30769231;148.2352941;;;;;
Mattia;Opto3;Y55E52 Noldus_Mansuy;OFT;Optogenetics;ChR2-;Male;RH;LC;;10127;103;64;9;;;;;;89.8062342;88.15977175;73.84615385;63.52941176;;;;;
Mattia;Opto3;Y55E52 Noldus_Mansuy;OFT;Optogenetics;ChR2-;Male;RH;LC;;9884;200;79;8;;;;;;87.65131025;171.1840228;91.15384615;56.47058824;;;;;
Mattia;Opto3;Y55E52 Noldus_Mansuy;OFT;Optogenetics;ChR2-;Male;RH;LC;;11797;134;117;16;;;;;;104.6157939;114.6932953;135;112.9411765;;;;;
Mattia;Opto3;Y55E52 Noldus_Mansuy;OFT;Optogenetics;ChR2-;Male;RH;LC;;11361;66;88;12;;;;;;100.749346;56.49072753;101.5384615;84.70588235;;;;;
Mattia;Opto3;Y55E52 Noldus_Mansuy;OFT;Optogenetics;ChR2+;Male;RH;LC;;12167;97;74;48;;;;;;107.8969538;83.02425107;85.38461538;338.8235294;;;;;
Mattia;Opto3;Y55E52 Noldus_Mansuy;OFT;Optogenetics;ChR2+;Male;RH;LC;;11062;90;58;8;;;;;;98.09781404;77.03281027;66.92307692;56.47058824;;;;;
Mattia;Opto3;Y55E52 Noldus_Mansuy;OFT;Optogenetics;ChR2+;Male;RH;LC;;12501;60;96;5;;;;;;110.8588658;51.35520685;110.7692308;35.29411765;;;;;
Mattia;Opto3;Y55E52 Noldus_Mansuy;OFT;Optogenetics;ChR2+;Male;RH;LC;;13035;153;76;2;;;;;;115.5943777;130.9557775;87.69230769;14.11764706;;;;;
Mattia;Opto3;Y55E52 Noldus_Mansuy;OFT;Optogenetics;ChR2+;Male;RH;LC;;11573;64;81;1;;;;;;102.6293619;54.7788873;93.46153846;7.058823529;;;;;
Mattia;Opto3;Y55E52 Noldus_Mansuy;OFT;Optogenetics;ChR2+;Male;RH;LC;;16596;47;147;10;;;;;;147.1733251;40.22824536;169.6153846;70.58823529;;;;;
Mattia;Opto4;Y55E52 Noldus_Mansuy;OFT;Optogenetics;ChR2-;Male;RH;LC;;13814;102;142;13;;;;;;120.6083677;107.1428571;160.9977324;41.40127389;;;;;
Mattia;Opto4;Y55E52 Noldus_Mansuy;OFT;Optogenetics;ChR2-;Male;RH;LC;;10372;96;72;33;;;;;;90.55668087;100.8403361;81.63265306;105.0955414;;;;;
Mattia;Opto4;Y55E52 Noldus_Mansuy;OFT;Optogenetics;ChR2-;Male;RH;LC;;9242;87;78;40;;;;;;80.69078718;91.38655462;88.43537415;127.388535;;;;;
Mattia;Opto4;Y55E52 Noldus_Mansuy;OFT;Optogenetics;ChR2-;Male;RH;LC;;13808;117;78;54;;;;;;120.5559824;122.8991597;88.43537415;171.9745223;;;;;
Mattia;Opto4;Y55E52 Noldus_Mansuy;OFT;Optogenetics;ChR2-;Male;RH;LC;;10032;74;71;17;;;;;;87.58818188;77.73109244;80.49886621;54.14012739;;;;;
Mattia;Opto4;Y55E52 Noldus_Mansuy;OFT;Optogenetics;ChR2+;Male;RH;LC;;8391;75;122;15;;;;;;73.26080883;78.78151261;138.3219955;47.77070064;;;;;
Mattia;Opto4;Y55E52 Noldus_Mansuy;OFT;Optogenetics;ChR2+;Male;RH;LC;;6938;39;54;19;;;;;;60.5748411;40.96638655;61.2244898;60.50955414;;;;;
Mattia;Opto4;Y55E52 Noldus_Mansuy;OFT;Optogenetics;ChR2+;Male;RH;LC;;10478;115;84;14;;;;;;91.48215408;120.7983193;95.23809524;44.58598726;;;;;
Mattia;Opto4;Y55E52 Noldus_Mansuy;OFT;Optogenetics;ChR2+;Male;RH;LC;;8155;67;30;2;;;;;;71.2003213;70.37815126;34.01360544;6.369426752;;;;;
Mattia;Opto4;Y55E52 Noldus_Mansuy;OFT;Optogenetics;ChR2+;Male;RH;LC;;10593;93;71;21;;;;;;92.48620521;97.68907563;80.49886621;66.87898089;;;;;
Mattia;Opto4;Y55E52 Noldus_Mansuy;OFT;Optogenetics;ChR2+;Male;RH;LC;;9782;84;61;30;;;;;;85.40546204;88.23529412;69.16099773;95.54140127;;;;;
Mattia;Opto6;Y17L27b Noldus;OFT;Optogenetics;ChR2-;Male;RH;LC;Tried to escape from OFT from Gap);;;;;;;;;;;;;;;;;;
Mattia;Opto6;Y17L27b Noldus;OFT;Optogenetics;ChR2-;Male;RH;LC;;5602;186;144;46;;;;;;86.83924973;151.8367347;125.7641921;119.4805195;;;;;
Mattia;Opto6;Y17L27b Noldus;OFT;Optogenetics;ChR2-;Male;RH;LC;;6340;89;79;26;;;;;;98.27933654;72.65306122;68.99563319;67.53246753;;;;;
Mattia;Opto6;Y17L27b Noldus;OFT;Optogenetics;ChR2-;Male;RH;LC;;6767;123;126;40;;;;;;104.8984654;100.4081633;110.0436681;103.8961039;;;;;
Mattia;Opto6;Y17L27b Noldus;OFT;Optogenetics;ChR2-;Male;RH;LC;;7095;92;109;42;;;;;;109.9829484;75.10204082;95.19650655;109.0909091;;;;;
Mattia;Opto6;Y17L27b Noldus;OFT;Optogenetics;ChR2+;Male;RH;LC;;6539;97;113;46;;;;;;101.3641296;79.18367347;98.68995633;119.4805195;;;;;
Mattia;Opto6;Y17L27b Noldus;OFT;Optogenetics;ChR2+;Male;RH;LC;;6353;89;81;31;;;;;;98.48085568;72.65306122;70.74235808;80.51948052;;;;;
Mattia;Opto6;Y17L27b Noldus;OFT;Optogenetics;ChR2+;Male;RH;LC;;6094;40;110;41;;;;;;94.46597427;32.65306122;96.069869;106.4935065;;;;;
Mattia;Opto6;Y17L27b Noldus;OFT;Optogenetics;ChR2+;Male;RH;LC;;6089;143;87;18;;;;;;94.3884669;116.7346939;75.98253275;46.75324675;;;;;
Mattia;Opto6;Y17L27b Noldus;OFT;Optogenetics;ChR2+;Male;RH;LC;;6238;47;84;15;;;;;;96.69818633;38.36734694;73.36244541;38.96103896;;;;;
Mattia;Opto7;Y17L27b Noldus;OFT;Optogenetics;ChR2-;Male;RH;LC;;4211.32;94;44;29;;;;;;83.26289839;95.34628961;53.65853659;91.48264984;;;;;
Mattia;Opto7;Y17L27b Noldus;OFT;Optogenetics;ChR2-;Male;RH;LC;;5368.4;73.76;67;9;;;;;;106.1397718;74.81640768;81.70731707;28.39116719;;;;;
Mattia;Opto7;Y17L27b Noldus;OFT;Optogenetics;ChR2-;Male;RH;LC;;4037.84;176.52;58;53;;;;;;79.83298862;179.04816;70.73170732;167.192429;;;;;
Mattia;Opto7;Y17L27b Noldus;OFT;Optogenetics;ChR2-;Male;RH;LC;;5370.03;100.36;90;30;;;;;;106.1719989;101.797379;109.7560976;94.63722397;;;;;
Mattia;Opto7;Y17L27b Noldus;OFT;Optogenetics;ChR2-;Male;RH;LC;;5693.79;134.32;86;76;;;;;;112.5731263;136.2437619;104.8780488;239.7476341;;;;;
Mattia;Opto7;Y17L27b Noldus;OFT;Optogenetics;ChR2-;Male;RH;LC;;5643.97;146.4;106;51;;;;;;111.5881245;148.4967745;129.2682927;160.8832808;;;;;
Mattia;Opto7;Y17L27b Noldus;OFT;Optogenetics;ChR2-;Male;RH;LC;;5402.65;58.2;76;13;;;;;;106.8169358;59.03355378;92.68292683;41.00946372;;;;;
Mattia;Opto7;Y17L27b Noldus;OFT;Optogenetics;ChR2-;Male;RH;LC;;4902.09;45.4;84;12;;;;;;96.92025816;46.05022924;102.4390244;37.85488959;;;;;
Mattia;Opto7;Y17L27b Noldus;OFT;Optogenetics;ChR2-;Male;RH;LC;;5163.32;83.64;133;30;;;;;;102.0850917;84.83791131;162.195122;94.63722397;;;;;
Mattia;Opto7;Y17L27b Noldus;OFT;Optogenetics;ChR2-;Male;RH;LC;;4785.18;73.28;76;14;;;;;;94.60880582;74.32953301;92.68292683;44.16403785;;;;;
Mattia;Opto7;Y17L27b Noldus;OFT;Optogenetics;ChR2+;Male;RH;LC;Pupillometry;;;;;;;;;;;;;;;;;;
Mattia;Opto7;Y17L27b Noldus;OFT;Optogenetics;ChR2+;Male;RH;LC;;4379.79;238.28;39;1;;;;;;86.59375439;241.6927009;47.56097561;3.154574132;;;;;
Mattia;Opto7;Y17L27b Noldus;OFT;Optogenetics;ChR2+;Male;RH;LC;;4396.3;64.28;47;2;;;;;;86.92017709;65.20063294;57.31707317;6.309148265;;;;;
Mattia;Opto7;Y17L27b Noldus;OFT;Optogenetics;ChR2+;Male;RH;LC;;4494.24;123.48;80;34;;;;;;88.85656955;125.2485089;97.56097561;107.2555205;;;;;
Mattia;Opto7;Y17L27b Noldus;OFT;Optogenetics;ChR2+;Male;RH;LC;;3287.62;84.8;44;1;;;;;;65.00023033;86.01452509;53.65853659;3.154574132;;;;;
Mattia;Opto7;Y17L27b Noldus;OFT;Optogenetics;ChR2+;Male;RH;LC;Pupillometry;;;;;;;;;;;;;;;;;;
Mattia;Opto7;Y17L27b Noldus;OFT;Optogenetics;ChR2+;Male;RH;LC;;5788.41;112.2;76;9;;;;;;114.4438783;113.8069542;92.68292683;28.39116719;;;;;
Mattia;Opto7;Y17L27b Noldus;OFT;Optogenetics;ChR2+;Male;RH;LC;;5987.79;74.88;80;7;;;;;;118.3858625;75.95244857;97.56097561;22.08201893;;;;;
Mattia;Opto7;Y17L27b Noldus;OFT;Optogenetics;ChR2+;Male;RH;LC;;4362.1;167.52;55;6;;;;;;86.24400166;169.91926;67.07317073;18.92744479;;;;;
Mattia;Opto7;Y17L27b Noldus;OFT;Optogenetics;ChR2+;Male;RH;LC;;6477.29;86.04;112;40;;;;;;128.0638705;87.27228466;136.5853659;126.1829653;;;;;
Mattia;Opto7;Y17L27b Noldus;OFT;Optogenetics;ChR2+;Male;RH;LC;;7136.45;106.48;72;37;;;;;;141.0962623;108.005031;87.80487805;116.7192429;;;;;
Mattia;Opto9;Y17L27b Noldus;OFT;Optogenetics;ChR2-;Male;RH;LC-HC;;4367.43;95.76;63;27;;;;;;74.10259974;51.27436282;77.3006135;74.31192661;;;;;
Mattia;Opto9;Y17L27b Noldus;OFT;Optogenetics;ChR2-;Male;RH;LC-HC;;5292.92;211.12;72;5;;;;;;89.8054765;113.0434783;88.34355828;13.76146789;;;;;
Mattia;Opto9;Y17L27b Noldus;OFT;Optogenetics;ChR2-;Male;RH;LC-HC;;6056.42;303.88;58;36;;;;;;102.7598535;162.7115014;71.16564417;99.08256881;;;;;
Mattia;Opto9;Y17L27b Noldus;OFT;Optogenetics;ChR2-;Male;RH;LC-HC;;5120.04;210.12;99;10;;;;;;86.87220511;112.5080317;121.4723926;27.52293578;;;;;
Mattia;Opto9;Y17L27b Noldus;OFT;Optogenetics;ChR2-;Male;RH;LC-HC;;5768.57;212.72;75;35;;;;;;97.87587524;113.9001928;92.02453988;96.33027523;;;;;
Mattia;Opto9;Y17L27b Noldus;OFT;Optogenetics;ChR2-;Male;RH;LC-HC;;6575.95;283.8;85;73;;;;;;111.5747684;151.9597344;104.2944785;200.9174312;;;;;
Mattia;Opto9;Y17L27b Noldus;OFT;Optogenetics;ChR2-;Male;RH;LC-HC;;5073.05;99.44;67;3;;;;;;86.07492132;53.24480617;82.20858896;8.256880734;;;;;
Mattia;Opto9;Y17L27b Noldus;OFT;Optogenetics;ChR2-;Male;RH;LC-HC;;6230.01;110.88;72;34;;;;;;105.7051716;59.37031484;88.34355828;93.57798165;;;;;
Mattia;Opto9;Y17L27b Noldus;OFT;Optogenetics;ChR2-;Male;RH;LC-HC;;5553.02;256.68;66;53;;;;;;94.21861791;137.4384236;80.98159509;145.8715596;;;;;
Mattia;Opto9;Y17L27b Noldus;OFT;Optogenetics;ChR2-;Male;RH;LC-HC;;6944.09;135.96;106;12;;;;;;117.8210348;72.79931463;130.0613497;33.02752294;;;;;
Mattia;Opto9;Y17L27b Noldus;OFT;Optogenetics;ChR2-;Male;RH;LC-HC;;6662.08;125.6;87;85;;;;;;113.0361443;67.25208824;106.7484663;233.9449541;;;;;
Mattia;Opto9;Y17L27b Noldus;OFT;Optogenetics;ChR2-;Male;RH;LC-HC;;7081.55;195.16;128;63;;;;;;120.1533316;104.4977511;157.0552147;173.3944954;;;;;
Mattia;Opto9;Y17L27b Noldus;OFT;Optogenetics;ChR2+;Male;RH;LC-HC;;6358.98;241.6;76;42;;;;;;107.8934178;129.3638895;93.25153374;115.5963303;;;;;
Mattia;Opto9;Y17L27b Noldus;OFT;Optogenetics;ChR2+;Male;RH;LC-HC;;4504.82;224.16;64;38;;;;;;76.43370892;120.0257014;78.52760736;104.587156;;;;;
Mattia;Opto9;Y17L27b Noldus;OFT;Optogenetics;ChR2+;Male;RH;LC-HC;;5814.12;267.56;84;62;;;;;;98.64872641;143.2640822;103.0674847;170.6422018;;;;;
Mattia;Opto9;Y17L27b Noldus;OFT;Optogenetics;ChR2+;Male;RH;LC-HC;;5897.47;173.32;81;20;;;;;;100.0629338;92.8035982;99.38650307;55.04587156;;;;;
Mattia;Opto9;Y17L27b Noldus;OFT;Optogenetics;ChR2+;Male;RH;LC-HC;;6499.63;110.56;97;10;;;;;;110.2798397;59.19897194;119.0184049;27.52293578;;;;;
Mattia;Opto9;Y17L27b Noldus;OFT;Optogenetics;ChR2+;Male;RH;LC-HC;;5346.26;71.64;72;11;;;;;;90.71050135;38.35939173;88.34355828;30.27522936;;;;;
Mattia;Opto9;Y17L27b Noldus;OFT;Optogenetics;ChR2+;Male;RH;LC-HC;;5409.73;133.28;55;21;;;;;;91.78740287;71.36431784;67.48466258;57.79816514;;;;;
Mattia;Opto9;Y17L27b Noldus;OFT;Optogenetics;ChR2+;Male;RH;LC-HC;;6513.91;154;86;51;;;;;;110.5221298;82.45877061;105.5214724;140.3669725;;;;;
Mattia;Opto9;Y17L27b Noldus;OFT;Optogenetics;ChR2+;Male;RH;LC-HC;;5213.69;204.28;88;16;;;;;;88.46117356;109.3810238;107.9754601;44.03669725;;;;;
Mattia;Opto9;Y17L27b Noldus;OFT;Optogenetics;ChR2+;Male;RH;LC-HC;;7391.98;174.48;115;62;;;;;;125.4204269;93.42471621;141.1042945;170.6422018;;;;;
Mattia;Opto9;Y17L27b Noldus;OFT;Optogenetics;ChR2+;Male;RH;LC-HC;;7707.95;132.76;126;27;;;;;;130.7815199;71.08588563;154.601227;74.31192661;;;;;
Mattia;Opto9;Y17L27b Noldus;OFT;Optogenetics;ChR2+;Male;RH;LC-HC;;3999.11;146.24;48;7;;;;;;67.85327931;78.30370529;58.89570552;19.26605505;;;;;
Mattia;Opto9;Y17L27b Noldus;OFT;Optogenetics;ChR2+;Male;RH;LC-HC;lost implant after EPM;;;;;;;;;;;;;;;;;;
Sian;SOpto2;Y17L27b Noldus;EPM;Optogenetics;ChR2-;Female;RH;LC;;1683.58;85.68;;;408.72;105.6;13;16;13;82.40828148;69.62942324;;;112.6145417;92.6222935;71.65354331;78.32167832;65.4676259
Sian;SOpto2;Y17L27b Noldus;EPM;Optogenetics;ChR2-;Female;RH;LC;;1923.16;114.08;;;396;89.92;15;18;16;94.13530133;92.70920405;;;109.1098026;78.86928629;82.67716535;88.11188811;80.57553957
Sian;SOpto2;Y17L27b Noldus;EPM;Optogenetics;ChR2-;Female;RH;LC;;1748.51;123.04;;;384.8;92.16;10;15;12;85.58649084;99.99071236;;;106.0238688;80.8340016;55.11811024;73.42657343;60.43165468
Sian;SOpto2;Y17L27b Noldus;EPM;Optogenetics;ChR2-;Female;RH;LC;;2242.44;125.84;;;346.32;127.84;20;25;26;109.7634961;102.2661837;;;95.42148188;112.1291099;110.2362205;122.3776224;130.9352518
Sian;SOpto2;Y17L27b Noldus;EPM;Optogenetics;ChR2-;Female;RH;LC;;2531.76;134.88;;;322.8;142.32;18;27;24;123.9252015;109.6127055;;;88.94102088;124.829591;99.21259843;132.1678322;120.8633094
Sian;SOpto2;Y17L27b Noldus;EPM;Optogenetics;ChR2-;Female;RH;LC;;2290.13;136.72;;;319.68;143.6;20;20;27;112.0978377;111.1080152;;;88.08136789;125.9522855;110.2362205;97.9020979;135.971223
Sian;SOpto2;Y17L27b Noldus;EPM;Optogenetics;ChR2-;Female;RH;LC;;1881.24;141.12;;;362.24;96.64;31;22;21;92.08339102;114.6837559;;;99.80791636;84.76343224;170.8661417;107.6923077;105.7553957
Sian;SOpto2;Y17L27b Noldus;EPM;Optogenetics;ChR2+;Female;RH;LC;Fell from EPM;;;;;;;;;;;;;;147.5076361;31.22493986;11.02362205;39.16083916;25.17985612
Sian;SOpto2;Y17L27b Noldus;EPM;Optogenetics;ChR2+;Female;RH;LC;Broken water bottle;2317.78;142.48;;;225.04;232.48;30;23;43;113.4512566;115.7889849;;;62.00522719;203.9093825;165.3543307;112.5874126;216.5467626
Sian;SOpto2;Y17L27b Noldus;EPM;Optogenetics;ChR2+;Female;RH;LC;;1577.01;96.24;;;396.96;106.8;22;14;16;77.19186732;78.21120089;;;109.3743112;93.67481957;121.2598425;68.53146853;80.57553957
Sian;SOpto2;Y17L27b Noldus;EPM;Optogenetics;ChR2+;Female;RH;LC;;2260.28;90.56;;;302.64;206.8;35;14;40;110.6367327;73.59524473;;;83.38634002;181.3853248;192.9133858;68.53146853;201.4388489
Sian;SOpto2;Y17L27b Noldus;EPM;Optogenetics;ChR2+;Female;RH;LC;;1667.05;56.32;;;354.08;189.6;21;12;26;81.59916704;45.76948082;;;97.55959316;166.2991179;115.7480315;58.74125874;130.9352518
Sian;SOpto2;Y17L27b Noldus;EPM;Optogenetics;ChR2+;Female;RH;LC;;2015.81;128.88;;;344.8;126.32;25;18;21;98.67035597;104.7366955;;;95.00267658;110.7959102;137.7952756;88.11188811;105.7553957
Sian;SOpto2;Y17L27b Noldus;EPM;Optogenetics;ChR2+;Female;RH;LC;;1654.62;118.88;;;362.64;118.48;25;19;15;80.99074039;96.61001207;;;99.91812829;103.9194066;137.7952756;93.00699301;75.53956835
Sian;SOpto2;Y17L27b Noldus;EPM;Optogenetics;ChR2+;Female;RH;LC;;2108.5;85.44;;;389.36;125.2;28;16;26;103.2073685;69.43438284;;;107.2802847;109.8135525;154.3307087;78.32167832;130.9352518
Sian;SOpto2;Y17L27b Noldus;OFT;Optogenetics;ChR2-;Female;RH;LC;;5527.98;109.72;107;25;;;;;;92.89476286;69.71365639;124.4186047;72.11538462;;;;;
Sian;SOpto2;Y17L27b Noldus;OFT;Optogenetics;ChR2-;Female;RH;LC;;7102.19;201.8;95;28;;;;;;119.3485244;128.2192477;110.4651163;80.76923077;;;;;
Sian;SOpto2;Y17L27b Noldus;OFT;Optogenetics;ChR2-;Female;RH;LC;;6577.64;133.76;67;55;;;;;;110.5337407;84.98813961;77.90697674;158.6538462;;;;;
Sian;SOpto2;Y17L27b Noldus;OFT;Optogenetics;ChR2-;Female;RH;LC;;4939.01;190.2;68;7;;;;;;82.99743536;120.8488648;79.06976744;20.19230769;;;;;
Sian;SOpto2;Y17L27b Noldus;OFT;Optogenetics;ChR2-;Female;RH;LC;;5394.22;145.44;97;55;;;;;;90.64699722;92.40935276;112.7906977;158.6538462;;;;;
Sian;SOpto2;Y17L27b Noldus;OFT;Optogenetics;ChR2-;Female;RH;LC;;6163.75;163.4;82;38;;;;;;103.5785395;103.8207387;95.34883721;109.6153846;;;;;
Sian;SOpto2;Y17L27b Noldus;OFT;Optogenetics;ChR2+;Female;RH;LC;;4985.67;88.2;95;50;;;;;;83.78153183;56.04032531;110.4651163;144.2307692;;;;;
Sian;SOpto2;Y17L27b Noldus;OFT;Optogenetics;ChR2+;Female;RH;LC;;4331.95;197.8;89;35;;;;;;72.79611503;125.6777364;103.4883721;100.9615385;;;;;
Sian;SOpto2;Y17L27b Noldus;OFT;Optogenetics;ChR2+;Female;RH;LC;;4406.11;53.84;81;14;;;;;;74.04233438;34.2087428;94.18604651;40.38461538;;;;;
Sian;SOpto2;Y17L27b Noldus;OFT;Optogenetics;ChR2+;Female;RH;LC;;3252.04;40.44;46;5;;;;;;54.64880202;25.69467977;53.48837209;14.42307692;;;;;
Sian;SOpto2;Y17L27b Noldus;OFT;Optogenetics;ChR2+;Female;RH;LC;;5657.47;56.36;53;25;;;;;;95.07077342;35.80989495;61.62790698;72.11538462;;;;;
Sian;SOpto2;Y17L27b Noldus;OFT;Optogenetics;ChR2+;Female;RH;LC;;6361.42;61.72;140;21;;;;;;106.9002786;39.21552016;162.7906977;60.57692308;;;;;
Sian;SOpto2;Y17L27b Noldus;OFT;Optogenetics;ChR2+;Female;RH;LC;;6806.88;34.44;119;4;;;;;;114.3859969;21.88241274;138.372093;11.53846154;;;;;
Sian;SOpto2;Y17L27b Noldus;OFT;Optogenetics;ChR2+;Female;RH;LC;;4860.76;102.48;58;29;;;;;;81.68248574;65.11352084;67.44186047;83.65384615;;;;;
Sian;SOpto3;Y17L27b Noldus;EPM;Optogenetics;ChR2-;Male;RH;LC;;2574.61;138;;;261.36;200.64;31;20;16;118.1191663;130.2870091;;;84.86081649;107.8168661;117.9347826;153.8461538;138.2716049
Sian;SOpto3;Y17L27b Noldus;EPM;Optogenetics;ChR2-;Male;RH;LC;;1734.86;67.84;;;477.28;54.88;8;5;13;79.59272153;64.04833837;;;154.9677475;29.4905782;30.43478261;38.46153846;112.345679
Sian;SOpto3;Y17L27b Noldus;EPM;Optogenetics;ChR2-;Male;RH;LC;;2546.09;126.16;;;286.96;186.88;45;18;12;116.8107123;119.1087613;;;93.17286463;100.4227269;171.1956522;138.4615385;103.7037037
Sian;SOpto3;Y17L27b Noldus;EPM;Optogenetics;ChR2-;Male;RH;LC;;2286.11;92.72;;;295.68;211.6;39;15;8;104.8832278;87.53776435;;;96.00415602;113.7063839;148.3695652;115.3846154;69.13580247
Sian;SOpto3;Y17L27b Noldus;EPM;Optogenetics;ChR2-;Male;RH;LC;Tracking;;;;;;;20;8;14;;;;;;;76.08695652;61.53846154;120.9876543
Sian;SOpto3;Y17L27b Noldus;EPM;Optogenetics;ChR2-;Male;RH;LC;;1836.17;72.72;;;195.84;331.44;25;13;5;84.24066928;68.65558912;;;63.58716828;178.1041771;95.10869565;100;43.20987654
Sian;SOpto3;Y17L27b Noldus;EPM;Optogenetics;ChR2-;Male;RH;LC;;2100.19;138.08;;;330.8;131.12;16;12;13;96.35350278;130.3625378;;;107.4072471;70.45926775;60.86956522;92.30769231;112.345679
Sian;SOpto3;Y17L27b Noldus;EPM;Optogenetics;ChR2+;Male;RH;LC;;1589.54;52.72;;;460.16;87.12;4;3;8;72.92566235;49.7734139;;;149.4090653;46.81521817;15.2173913;23.07692308;69.13580247
Sian;SOpto3;Y17L27b Noldus;EPM;Optogenetics;ChR2+;Male;RH;LC;;1672.59;79.44;;;432.16;88.4;19;8;8;76.73586924;75;;;140.3177627;47.50304507;72.2826087;61.53846154;69.13580247
Sian;SOpto3;Y17L27b Noldus;EPM;Optogenetics;ChR2+;Male;RH;LC;;1216.29;71.52;;;472.88;55.6;9;5;5;55.80152362;67.52265861;;;153.5391142;29.87748083;34.23913043;38.46153846;43.20987654
Sian;SOpto3;Y17L27b Noldus;EPM;Optogenetics;ChR2+;Male;RH;LC;;1295.09;45.36;;;377.68;176.96;4;6;17;59.41674702;42.82477341;;;122.6286852;95.0920685;15.2173913;46.15384615;146.9135802
Sian;SOpto3;Y17L27b Noldus;EPM;Optogenetics;ChR2+;Male;RH;LC;;2264.56;128.56;;;345.76;125.68;33;19;10;103.8945468;121.3746224;;;112.2646002;67.53600344;125.5434783;146.1538462;86.41975309
Sian;SOpto3;Y17L27b Noldus;EPM;Optogenetics;ChR2+;Male;RH;LC;;1894.7;84.24;;;428.72;87.04;10;13;15;86.92593609;79.53172205;;;139.2008312;46.77222899;38.04347826;100;129.6296296
Sian;SOpto3;Y17L27b Noldus;EPM;Optogenetics;ChR2+;Male;RH;LC;;1828.57;69.28;;;292.88;237.84;13;7;5;83.89199291;65.40785498;;;95.09502576;127.8068353;49.45652174;53.84615385;43.20987654
Sian;SOpto3;Y17L27b Noldus;EPM;Optogenetics;ChR2+;Male;RH;LC;;1517.59;78.8;;;450.4;70.8;14;3;16;69.62470647;74.39577039;;;146.240097;38.04542523;53.26086957;23.07692308;138.2716049
Sian;SOpto3;Y17L27b Noldus;OFT;Optogenetics;ChR2-;Male;RH;LC;;7598.93;302.8;129;138;;;;;;123.6118664;128.3423755;147.7905074;184.351145;;;;;
Sian;SOpto3;Y17L27b Noldus;OFT;Optogenetics;ChR2-;Male;RH;LC;;3856.77;213.28;54;45;;;;;;62.73811416;90.39914745;61.86579378;60.11450382;;;;;
Sian;SOpto3;Y17L27b Noldus;OFT;Optogenetics;ChR2-;Male;RH;LC;;7263.93;264.76;93;128;;;;;;118.1624182;112.2190467;106.5466448;170.9923664;;;;;
Sian;SOpto3;Y17L27b Noldus;OFT;Optogenetics;ChR2-;Male;RH;LC;;6383.77;117.84;92;29;;;;;;103.8448471;49.94671575;105.400982;38.74045802;;;;;
Sian;SOpto3;Y17L27b Noldus;OFT;Optogenetics;ChR2-;Male;RH;LC;;7402.16;183.36;104;87;;;;;;120.4110069;77.71749661;119.1489362;116.221374;;;;;
Sian;SOpto3;Y17L27b Noldus;OFT;Optogenetics;ChR2-;Male;RH;LC;;6068.22;277.24;92;79;;;;;;98.71179228;117.5087192;105.400982;105.5343511;;;;;
Sian;SOpto3;Y17L27b Noldus;OFT;Optogenetics;ChR2-;Male;RH;LC;;4458.1;292.24;47;18;;;;;;72.51995497;123.8664987;53.84615385;24.04580153;;;;;
Sian;SOpto3;Y17L27b Noldus;OFT;Optogenetics;ChR2+;Male;RH;LC;;3661.96;165.36;51;16;;;;;;59.56913804;70.08816121;58.42880524;21.3740458;;;;;
Sian;SOpto3;Y17L27b Noldus;OFT;Optogenetics;ChR2+;Male;RH;LC;;4333.38;194.44;65;31;;;;;;70.49113355;82.4137764;74.46808511;41.41221374;;;;;
Sian;SOpto3;Y17L27b Noldus;OFT;Optogenetics;ChR2+;Male;RH;LC;Tracking;2481.31;57.92;21;5;;;;;;40.3634933;24.54950591;24.0589198;6.679389313;;;;;
Sian;SOpto3;Y17L27b Noldus;OFT;Optogenetics;ChR2+;Male;RH;LC;;5439.04;268.64;78;48;;;;;;88.47691525;113.8635923;89.36170213;64.1221374;;;;;
Sian;SOpto3;Y17L27b Noldus;OFT;Optogenetics;ChR2+;Male;RH;LC;;3919.48;86.44;51;19;;;;;;63.75821833;36.637764;58.42880524;25.38167939;;;;;
Sian;SOpto3;Y17L27b Noldus;OFT;Optogenetics;ChR2+;Male;RH;LC;;6393.66;225.8;84;63;;;;;;104.0057278;95.70577407;96.23567921;84.16030534;;;;;
Sian;SOpto3;Y17L27b Noldus;OFT;Optogenetics;ChR2+;Male;RH;LC;;5760.7;121.16;77;11;;;;;;93.70936152;51.35390428;88.21603928;14.69465649;;;;;
Sian;SOpto3;Y17L27b Noldus;OFT;Optogenetics;ChR2+;Male;RH;LC;;5247.3;243.72;85;50;;;;;;85.35787886;103.3012013;97.38134206;66.79389313;;;;;
Mattia;Dre1;Y17L27b Noldus;OFT;Chemogenetics;hM3Dq-;Female;Both;LC;;7108.07;213;77;34;;;;;;112.1077018;130.739013;98.97172237;85.42713568;;;;;
Mattia;Dre1;Y17L27b Noldus;OFT;Chemogenetics;hM3Dq-;Female;Both;LC;;6455.42;88.6;78;18;;;;;;101.8141775;54.38251903;100.2570694;45.22613065;;;;;
Mattia;Dre1;Y17L27b Noldus;OFT;Chemogenetics;hM3Dq-;Female;Both;LC;;5130.94;149.8;55;80;;;;;;80.92462393;91.94696784;70.6940874;201.0050251;;;;;
Mattia;Dre1;Y17L27b Noldus;OFT;Chemogenetics;hM3Dq-;Female;Both;LC;;7390.02;161.04;127;38;;;;;;116.5545864;98.84605942;163.2390746;95.47738693;;;;;
Mattia;Dre1;Y17L27b Noldus;OFT;Chemogenetics;hM3Dq-;Female;Both;LC;;5617.52;202.16;52;29;;;;;;88.59891041;124.0854407;66.83804627;72.86432161;;;;;
Mattia;Dre1;Y17L27b Noldus;OFT;Chemogenetics;hM3Dq+;Female;Both;LC;;2722.08;30.32;34;0;;;;;;42.93234774;18.61036091;43.70179949;0;;;;;
Mattia;Dre1;Y17L27b Noldus;OFT;Chemogenetics;hM3Dq+;Female;Both;LC;;5417.28;71.6;62;17;;;;;;85.44074706;43.94794991;79.69151671;42.71356784;;;;;
Mattia;Dre1;Y17L27b Noldus;OFT;Chemogenetics;hM3Dq+;Female;Both;LC;;4914.02;114.24;69;4;;;;;;77.50338544;70.12030444;88.68894602;10.05025126;;;;;
Mattia;Dre1;Y17L27b Noldus;OFT;Chemogenetics;hM3Dq+;Female;Both;LC;;3068.51;24.32;34;6;;;;;;48.39620377;14.92757181;43.70179949;15.07537688;;;;;
Mattia;Dre1;Y17L27b Noldus;OFT;Chemogenetics;hM3Dq+;Female;Both;LC;;5450.57;82.8;50;14;;;;;;85.96579329;50.82248957;64.26735219;35.1758794;;;;;
Mattia;Yohi1;Y17L27b Noldus;OFT;Pharmacology;Vehicle;Male;Both;NA-Systems;;4583.14;64.24;68;49;;;;;;90.0106014;62.07482993;78.84057971;115.2941176;;;;;
Mattia;Yohi1;Y17L27b Noldus;OFT;Pharmacology;Vehicle;Male;Both;NA-Systems;;5168.73;102.88;60;28;;;;;;101.5112992;99.41249227;74.07407407;70.70707071;;;;;
Mattia;Yohi1;Y17L27b Noldus;OFT;Pharmacology;Vehicle;Male;Both;NA-Systems;;5876.36;156.24;104;48;;;;;;115.4088022;150.974026;120.5797101;112.9411765;;;;;
Mattia;Yohi1;Y17L27b Noldus;OFT;Pharmacology;Vehicle;Male;Both;NA-Systems;;4359.07;79.84;78;11;;;;;;85.6099775;77.14904143;90.43478261;25.88235294;;;;;
Mattia;Yohi1;Y17L27b Noldus;OFT;Pharmacology;Vehicle;Male;Both;NA-Systems;;5471.59;114.24;95;62;;;;;;107.4593197;110.3896104;110.1449275;145.8823529;;;;;
Mattia;Yohi1;Y17L27b Noldus;OFT;Pharmacology;Yohimbine;Male;Both;NA-Systems;;3820.51;152.32;35;12;;;;;;75.03292563;147.1861472;43.20987654;30.3030303;;;;;
Mattia;Yohi1;Y17L27b Noldus;OFT;Pharmacology;Yohimbine;Male;Both;NA-Systems;;4264.48;267.6;35;11;;;;;;83.75227671;258.580705;40.57971014;25.88235294;;;;;
Mattia;Yohi1;Y17L27b Noldus;OFT;Pharmacology;Yohimbine;Male;Both;NA-Systems;;4114.93;244.16;30;12;;;;;;80.81518872;235.9307359;34.7826087;28.23529412;;;;;
Mattia;Yohi1;Y17L27b Noldus;OFT;Pharmacology;Yohimbine;Male;Both;NA-Systems;;5059.6;170.68;28;4;;;;;;99.36804;164.9273346;32.46376812;9.411764706;;;;;
Mattia;Yohi1;Y17L27b Noldus;OFT;Pharmacology;Yohimbine;Male;Both;NA-Systems;;3472.37;76.68;45;1;;;;;;68.19562832;74.09554731;52.17391304;2.352941176;;;;;
Mattia;Yohi1;Y17L27b Noldus;OFT;Pharmacology;Yohimbine;Male;Both;NA-Systems;;4304.05;75.64;39;2;;;;;;84.52941193;73.09059988;45.2173913;4.705882353;;;;;
Mattia;Yohi1;Y17L27b Noldus;OFT;Pharmacology;Yohimbine;Male;Both;NA-Systems;;4874.29;126.84;40;3;;;;;;95.72864331;122.5649351;46.37681159;7.058823529;;;;;
Mattia;Yohi1;Y17L27b Noldus;EPM;Pharmacology;Vehicle;Male;Both;NA-Systems;;437.893;;;;362.88;72.4;28;20;5;82.51184466;;;;98.18606866;82.0043494;112.9032258;123.4567901;80.64516129
Mattia;Yohi1;Y17L27b Noldus;EPM;Pharmacology;Vehicle;Male;Both;NA-Systems;;519.571;;;;364.08;96.16;29;21;7;97.90236803;;;;98.51075804;108.916274;116.9354839;129.6296296;112.9032258
Mattia;Yohi1;Y17L27b Noldus;EPM;Pharmacology;Vehicle;Male;Both;NA-Systems;;566.561;;;;337.44;99.2;26;14;8;106.756658;;;;91.30265379;112.3595506;104.8387097;86.41975309;129.0322581
Mattia;Yohi1;Y17L27b Noldus;EPM;Pharmacology;Vehicle;Male;Both;NA-Systems;;549.659;;;;423.68;75.28;18;12;4;103.571827;;;;114.6369973;85.26640087;72.58064516;74.07407407;64.51612903
Mattia;Yohi1;Y17L27b Noldus;EPM;Pharmacology;Vehicle;Male;Both;NA-Systems;;579.832;;;;359.84;98.4;23;14;7;109.2573024;;;;97.36352223;111.4534252;92.74193548;86.41975309;112.9032258
Mattia;Yohi1;Y17L27b Noldus;EPM;Pharmacology;Yohimbine;Male;Both;NA-Systems;;522.055;;;;237.68;215.68;22;1;0;98.37042626;;;;64.3101433;244.2914099;88.70967742;6.172839506;0
Mattia;Yohi1;Y17L27b Noldus;EPM;Pharmacology;Yohimbine;Male;Both;NA-Systems;;475.714;;;;385.76;46.48;8;9;1;89.6384269;;;;104.3768128;52.64588619;32.25806452;55.55555556;16.12903226
Mattia;Yohi1;Y17L27b Noldus;EPM;Pharmacology;Yohimbine;Male;Both;NA-Systems;;273.287;;;;258.08;30.88;3;3;0;51.49526138;;;;69.82986276;34.97644074;12.09677419;18.51851852;0
Mattia;Yohi1;Y17L27b Noldus;EPM;Pharmacology;Yohimbine;Male;Both;NA-Systems;Animal immobile on open arm;121.021;;;;;;;;;;;;;;;;;
Mattia;Yohi1;Y17L27b Noldus;EPM;Pharmacology;Yohimbine;Male;Both;NA-Systems;;161.626;;;;561.12;19.2;1;0;0;30.45506415;;;;151.8247543;21.74700979;4.032258065;0;0
Mattia;Yohi1;Y17L27b Noldus;EPM;Pharmacology;Yohimbine;Male;Both;NA-Systems;;379.314;;;;322.48;169.6;5;3;1;71.47384828;;;;87.25485952;192.0985864;20.16129032;18.51851852;16.12903226
Mattia;Yohi1;Y17L27b Noldus;EPM;Pharmacology;Yohimbine;Male;Both;NA-Systems;;471.265;;;;208.56;344.8;20;1;0;88.80010522;;;;56.43101433;390.5400507;80.64516129;6.172839506;0
Lukas-Oliver;AS;TSE;OFT;Acute Stress;Control;Male;Both;NA-Systems;From Stressome 2.0 Paper;27356.2;133.2;50;41;;;;;;102.4467106;176.2098997;61.28702758;133.6956522;;;;;
Lukas-Oliver;AS;TSE;OFT;Acute Stress;Control;Male;Both;NA-Systems;From Stressome 2.0 Paper;18543.9;36.7;87;26;;;;;;69.44537461;48.55032521;106.639428;84.7826087;;;;;
Lukas-Oliver;AS;TSE;OFT;Acute Stress;Control;Male;Both;NA-Systems;From Stressome 2.0 Paper;33063.6;79.8;61;49;;;;;;123.8204524;105.5671922;74.77017365;159.7826087;;;;;
Lukas-Oliver;AS;TSE;OFT;Acute Stress;Control;Male;Both;NA-Systems;From Stressome 2.0 Paper;26547.4;46.7;82;20;;;;;;99.41782138;61.77929666;100.5107252;65.2173913;;;;;
Lukas-Oliver;AS;TSE;OFT;Acute Stress;Control;Male;Both;NA-Systems;From Stressome 2.0 Paper;36306.9;72.2;141;35;;;;;;135.9663432;95.51317385;172.8294178;114.1304348;;;;;
Lukas-Oliver;AS;TSE;OFT;Acute Stress;Control;Male;Both;NA-Systems;From Stressome 2.0 Paper;16311.5;60.7;53;12;;;;;;61.0852209;80.29985669;64.96424923;39.13043478;;;;;
Lukas-Oliver;AS;TSE;OFT;Acute Stress;Control;Male;Both;NA-Systems;From Stressome 2.0 Paper;23141;217.2;13;46;;;;;;86.66113459;287.3332598;15.93462717;150;;;;;
Lukas-Oliver;AS;TSE;OFT;Acute Stress;Control;Male;Both;NA-Systems;From Stressome 2.0 Paper;28866.8;51.2;80;17;;;;;;108.1037829;67.73233381;98.05924413;55.43478261;;;;;
Lukas-Oliver;AS;TSE;OFT;Acute Stress;Control;Male;Both;NA-Systems;From Stressome 2.0 Paper;29545.1;52.2;116;33;;;;;;110.6439604;69.05523096;142.185904;107.6086957;;;;;
Lukas-Oliver;AS;TSE;OFT;Acute Stress;Control;Male;Both;NA-Systems;From Stressome 2.0 Paper;20285.5;76.6;70;24;;;;;;75.96752283;101.3339213;85.80183861;78.26086957;;;;;
Lukas-Oliver;AS;TSE;OFT;Acute Stress;Control;Male;Both;NA-Systems;From Stressome 2.0 Paper;21155.9;41.6;103;37;;;;;;79.22709897;55.03252122;126.2512768;120.6521739;;;;;
Lukas-Oliver;AS;TSE;OFT;Acute Stress;Control;Male;Both;NA-Systems;From Stressome 2.0 Paper;39310.5;39;123;28;;;;;;147.2145772;51.59298865;150.7660878;91.30434783;;;;;
Lukas-Oliver;AS;TSE;OFT;Acute Stress;Stress;Male;Both;NA-Systems;From Stressome 2.0 Paper;6887.4;5.1;21;0;;;;;;25.79274441;6.746775438;25.74055158;0;;;;;
Lukas-Oliver;AS;TSE;OFT;Acute Stress;Stress;Male;Both;NA-Systems;From Stressome 2.0 Paper;13482.4;2.8;36;7;;;;;;50.49047496;3.704112005;44.12665986;22.82608696;;;;;
Lukas-Oliver;AS;TSE;OFT;Acute Stress;Stress;Male;Both;NA-Systems;From Stressome 2.0 Paper;22399.3;63;18;4;;;;;;83.88352932;83.34252012;22.06332993;13.04347826;;;;;
Lukas-Oliver;AS;TSE;OFT;Acute Stress;Stress;Male;Both;NA-Systems;From Stressome 2.0 Paper;25607.4;32.3;64;20;;;;;;95.89759898;42.72957778;78.4473953;65.2173913;;;;;
Lukas-Oliver;AS;TSE;OFT;Acute Stress;Stress;Male;Both;NA-Systems;From Stressome 2.0 Paper;16166.3;4.7;63;6;;;;;;60.54145889;6.21761658;77.22165475;19.56521739;;;;;
Lukas-Oliver;AS;TSE;OFT;Acute Stress;Stress;Male;Both;NA-Systems;From Stressome 2.0 Paper;25142.6;31.7;93;12;;;;;;94.15696135;41.93583949;113.9938713;39.13043478;;;;;
Lukas-Oliver;AS;TSE;OFT;Acute Stress;Stress;Male;Both;NA-Systems;From Stressome 2.0 Paper;16642.6;31.2;37;12;;;;;;62.32516307;41.27439092;45.35240041;39.13043478;;;;;
Lukas-Oliver;AS;TSE;OFT;Acute Stress;Stress;Male;Both;NA-Systems;From Stressome 2.0 Paper;21022.8;23.9;53;25;;;;;;78.72865046;31.61724176;64.96424923;81.52173913;;;;;
Lukas-Oliver;AS;TSE;OFT;Acute Stress;Stress;Male;Both;NA-Systems;From Stressome 2.0 Paper;18289.9;21.2;35;5;;;;;;68.49416557;28.04541947;42.90091931;16.30434783;;;;;
Lukas-Oliver;AS;TSE;OFT;Acute Stress;Stress;Male;Both;NA-Systems;From Stressome 2.0 Paper;18370.8;16.3;31;9;;;;;;68.7971294;21.56322346;37.9979571;29.34782609;;;;;
Lukas-Oliver;AS;TSE;OFT;Acute Stress;Stress;Male;Both;NA-Systems;From Stressome 2.0 Paper;3070.3;0;1;0;;;;;;11.49802003;0;1.225740552;0;;;;;
Lukas-Oliver;AS;TSE;OFT;Acute Stress;Stress;Male;Both;NA-Systems;From Stressome 2.0 Paper;10063.9;9.1;0;0;;;;;;37.68847467;12.03836402;0;0;;;;;
